{
	"IcoMoonType": "selection",
	"icons": [
		{
			"icon": {
				"paths": [
					"M316.373 350.293l195.627 195.627 195.627-195.627 60.373 60.373-256 256-256-256z"
				],
				"attrs": [
					{}
				],
				"isMulticolor": false,
				"tags": [
					"keyboard-arrow-down"
				],
				"grid": 24,
				"colorPermutations": {
					"6868681": [
						0
					]
				}
			},
			"attrs": [
				{}
			],
			"properties": {
				"order": 1,
				"id": 0,
				"prevSize": 24,
				"code": 58880,
				"name": "keyboard-arrow-down"
			},
			"setIdx": 0,
			"iconIdx": 0
		},
		{
			"icon": {
				"paths": [
					"M954.857 323.429q0 22.857-16 38.857l-491.429 491.429q-16 16-38.857 16t-38.857-16l-284.571-284.571q-16-16-16-38.857t16-38.857l77.714-77.714q16-16 38.857-16t38.857 16l168 168.571 374.857-375.429q16-16 38.857-16t38.857 16l77.714 77.714q16 16 16 38.857z"
				],
				"attrs": [
					{}
				],
				"isMulticolor": false,
				"tags": [
					"check"
				],
				"grid": 14,
				"colorPermutations": {
					"6868681": [
						0
					]
				}
			},
			"attrs": [
				{}
			],
			"properties": {
				"order": 1,
				"id": 2,
				"prevSize": 28,
				"code": 58881,
				"name": "check"
			},
			"setIdx": 2,
			"iconIdx": 0
		}
	],
	"height": 1024,
	"metadata": {
		"name": "icomoon"
	},
	"preferences": {
		"showGlyphs": true,
		"showQuickUse": true,
		"showQuickUse2": true,
		"showSVGs": true,
		"fontPref": {
			"prefix": "icon-",
			"metadata": {
				"fontFamily": "icomoon"
			},
			"metrics": {
				"emSize": 1024,
				"baseline": 6.25,
				"whitespace": 50
			}
		},
		"imagePref": {
			"prefix": "icon-",
			"png": true,
			"useClassSelector": true,
			"color": 4473924,
			"bgColor": 16777215
		},
		"historySize": 100,
		"showCodes": true
	}
}