{
	"IcoMoonType": "selection",
	"icons": [
		{
			"icon": {
				"paths": [
					"M0 384l383.75 383.75 383.75-383.75h-767.5z"
				],
				"attrs": [
					{}
				],
				"isMulticolor": false,
				"width": 767,
				"tags": [
					"triangle-down"
				],
				"grid": 16,
				"colorPermutations": {
					"6868681": [
						0
					]
				}
			},
			"attrs": [
				{}
			],
			"properties": {
				"order": 1,
				"id": 0,
				"prevSize": 32,
				"code": 58880,
				"name": "triangle-down"
			},
			"setIdx": 0,
			"iconIdx": 0
		},
		{
			"icon": {
				"paths": [
					"M614.286 493.714q0 7.429-5.714 13.143l-266.286 266.286q-5.714 5.714-13.143 5.714t-13.143-5.714l-266.286-266.286q-5.714-5.714-5.714-13.143t5.714-13.143l28.571-28.571q5.714-5.714 13.143-5.714t13.143 5.714l224.571 224.571 224.571-224.571q5.714-5.714 13.143-5.714t13.143 5.714l28.571 28.571q5.714 5.714 5.714 13.143zM614.286 274.286q0 7.429-5.714 13.143l-266.286 266.286q-5.714 5.714-13.143 5.714t-13.143-5.714l-266.286-266.286q-5.714-5.714-5.714-13.143t5.714-13.143l28.571-28.571q5.714-5.714 13.143-5.714t13.143 5.714l224.571 224.571 224.571-224.571q5.714-5.714 13.143-5.714t13.143 5.714l28.571 28.571q5.714 5.714 5.714 13.143z"
				],
				"attrs": [
					{}
				],
				"isMulticolor": false,
				"width": 658,
				"tags": [
					"angle-double-down"
				],
				"grid": 14,
				"colorPermutations": {
					"6868681": [
						0
					]
				}
			},
			"attrs": [
				{}
			],
			"properties": {
				"order": 1,
				"id": 3,
				"prevSize": 28,
				"code": 58882,
				"name": "angle-double-down"
			},
			"setIdx": 3,
			"iconIdx": 0
		},
		{
			"icon": {
				"paths": [
					"M954.857 323.429q0 22.857-16 38.857l-491.429 491.429q-16 16-38.857 16t-38.857-16l-284.571-284.571q-16-16-16-38.857t16-38.857l77.714-77.714q16-16 38.857-16t38.857 16l168 168.571 374.857-375.429q16-16 38.857-16t38.857 16l77.714 77.714q16 16 16 38.857z"
				],
				"attrs": [
					{}
				],
				"isMulticolor": false,
				"tags": [
					"check"
				],
				"grid": 14,
				"colorPermutations": {
					"6868681": [
						0
					]
				}
			},
			"attrs": [
				{}
			],
			"properties": {
				"order": 1,
				"id": 2,
				"prevSize": 28,
				"code": 58881,
				"name": "check"
			},
			"setIdx": 3,
			"iconIdx": 1
		}
	],
	"height": 1024,
	"metadata": {
		"name": "icomoon"
	},
	"preferences": {
		"showGlyphs": true,
		"showQuickUse": true,
		"showQuickUse2": true,
		"showSVGs": true,
		"fontPref": {
			"prefix": "icon-",
			"metadata": {
				"fontFamily": "icomoon"
			},
			"metrics": {
				"emSize": 1024,
				"baseline": 6.25,
				"whitespace": 50
			}
		},
		"imagePref": {
			"prefix": "icon-",
			"png": true,
			"useClassSelector": true,
			"color": 4473924,
			"bgColor": 16777215
		},
		"historySize": 100,
		"showCodes": true
	}
}